review_id,source_listing_id,original_url,stratum,title,description_excerpt,price_raw,area_raw,listing_type_raw,auto_label_price,auto_label_area,auto_label_neighborhood,auto_label_type,parser_price,parser_area,parser_neighborhood,parser_type,human_price_ok,human_area_ok,human_neighborhood_ok,human_type_ok,human_notes
1,banesa-72961,https://listime.gjirafa.com/Shpallje/Patundshmeri/banesa-72961,low_confidence,Banesë me qira te Lagjia e Muhaxherëve,"Lëshohet me qira banesa në Lagjen e Muhaxherëve, rruga Jashar Salihu, banesa është e re e pabanuar më parë.

E mobiluar dhe e gatshme për banim, ka sistemin e ngrohjes me rrymë.

Çmimi: 400
Renditja:
•	Sallon dhe Kuzhinë
•	2 Dhoma gjumi
•	Banjo
•	Depo
•	2 Ballkone

Kodi: 2896

Për më shumë informata mund të na beni like faqen tone ne facebook
Smart Real Estate,
bit.ly/2htS4cY
, si dhe
www.instagra",400 EUR,0,Qira,400.00,,Muhaxherëve,rent,400.00,,Muhaxherëve,rent,,,,,
2,banesa-64003,https://listime.gjirafa.com/Shpallje/Patundshmeri/banesa-64003,random,Banese me qira ne lagjen Bregu i Diellit,"Banesë me qira në lagjen Bregu i Diellit te Banesat e Kuqe, eshte lagje e qete dhe ka park per femije, eshte e mobiluar ne teresi
Kati: perdhes
Sipërfaqe:70
Çmimi i qirasë:250
Renditja:
♦Sallon me kuzhinë
♦Dhomë gjumi
♦Banjo
♦Ballkon
♦Korridor

Për më shumë informata mund të na beni like faqen tone ne facebook Smart Real Estate,
bit.ly/2htS4cY
, apo per me shume oferta apo banesa te lira:
www.merr",250 EUR,70,Qira,250.00,70.0,Bregu i Diellit,rent,250.00,70.0,Bregu i Diellit,rent,,,,,
3,banesa-65504,https://listime.gjirafa.com/Shpallje/Patundshmeri/banesa-65504,random,Banesë me qira te parku i Qytetit,"Banesë me qira te Parku i Qytetit, banesa eshte e mobiluar ne teresi,
Kati:4
Çmimi i qirasë:270
Renditja:
♦Sallon me kuzhinë
♦2 Dhomë gjumi
♦Banjo
♦Ballkon
♦Korridor

Për më shumë informata mund të na beni like faqen tone ne facebook Smart Real Estate,
bit.ly/2htS4cY
, ose mund të na kontaktoni në këtë numër telefoni
044/393-777
WhatsApp & Viber
+383 44 393 777",270 EUR,75,Qira,270.00,75.0,parku i Qytetit,rent,270.00,75.0,parku i Qytetit,rent,,,,,
4,banesa-81021,https://listime.gjirafa.com/Shpallje/Patundshmeri/banesa-81021,invalid,Banesë në shitje te Mati 1,"SHITET banesa te Mati 1, rruga C; në Kompleksin e BS Group. Banesa është në gjendje të re, e gatshme për banim.
Ndodhet në katin e 4, ka fletëposeduese.
Sipërfaqe: 62.04m²
Çmimi: 1250m²
Rënditja
•	Sallon dhe Kuzhine
•	Dhomë gjumi
•	Banjo
•	Koridor
•	Ballkon

Kodi: 3552

Për më shumë informata mund të na beni like faqen tone ne facebook
Smart Real Estate,
bit.ly/2htS4cY
, si dhe
www.instagram.com/r",1 EUR,62,Shitet,125000.00,62.0,Mati 1,sale,125000.00,62.0,Mati 1,sale,,,,,
5,banesa-79595,https://listime.gjirafa.com/Shpallje/Patundshmeri/banesa-79595,random,Lokal me qira në Arbëri,"Lëshohet me qira lokali në Arbëri, afër komunës së re, në gjendje të rregullt dhe i përshtatshëm për punë.
Ndodhet në katin përdhesë, mund të shfrytëzohet për veprimtari të ndryshme.
Sipërfaqe: 30m²
Çmimi: 300
Rënditja
• Njësi pune
• Banjo
Kodi: 3407
Për më shumë informata mund të na beni like faqen tone ne facebook
Smart Real Estate,
bit.ly/2htS4cY
, si dhe
www.instagram.com/realestatesmart/

apo",300 EUR,30,Qira,300.00,30.0,Arbëri,rent,300.00,30.0,Arbëri,rent,,,,,
6,banesa-53783,https://listime.gjirafa.com/Shpallje/Patundshmeri/banesa-53783,random,Banese me qira Te Qafa,"Leshohet banese me qira te Qafa,te shkolla Meto Bajraktari,Kati 4
Banesa ka kete renditje:
- 2 dhoma gjumi
- sallon dhe kuzhine
- banjo
- ballkon
- koridor
Qmimi 350€
bit.ly/3n3a6PU

Per me shume informata mund te na kontaktoni ne numrin
049 124 677
+383 49 124 677
044 333 511
+383 44 333 511",350 EUR,70,Qira,350.00,70.0,Qafa,rent,350.00,70.0,Qafa,rent,,,,,
7,banesa-55023,https://listime.gjirafa.com/Shpallje/Patundshmeri/banesa-55023,random,Banese me qira ne lagjen Mati 1 2+1,"Banesë me qira në lagjen Mati1/Lagjja e Spitalir  ,Banesa eshte extra e  mobiluar me te gjitha elementet Rruga e Muharrem Fejza  kompleksi Blini perballe me Super Viva 1 mbrapa Kompleksit Kawa
Kati:7 lift funksional
Sipërfaqe:90 m2
Çmimi i qirasë:500 i diskutueshem.
Renditja:
♦Sallon me kuzhinë
♦2Dhomë gjumi
♦Banjo dhe wc
♦Ballkon
♦Korridor
Për më shumë informata mund të na beni like faqen tone ne",500 EUR,0,Qira,500.00,90.0,Mati 1,rent,500.00,90.0,Mati 1,rent,,,,,
8,banesa-78912,https://listime.gjirafa.com/Shpallje/Patundshmeri/banesa-78912,random,Banesë me qira te Lagjia e Muhaxherëve,"Gasoniere me qira te Sllovenia Sport, rruga Halil Alidemaj, shumë afër Qendres. Është e mobiluar dhe është e përshtatshme për banim.
Banesa ndodhet në katin e 1. Sistemin e ngrohjes e ka me Termokos.
Çmimi: 180 plus depozita
Rënditja
•	Sallon
•	Kuzhinë
•	Banjo
•	Koridor
•	Ballkon nuk ka

Kodi: 3258

Për më shumë informata mund të na beni like faqen tone ne facebook
Smart Real Estate,
bit.ly/2htS4c",180 EUR,1,Qira,180.00,,Muhaxherëve,rent,180.00,,Muhaxherëve,rent,,,,,
9,banesa-77052,https://listime.gjirafa.com/Shpallje/Patundshmeri/banesa-77052,high_confidence,Banese me qira ne Emshir,"Leshohet banese me qira ne lagjen Emshir, përballë Tregu Group (banesat e Lesna-s), 60 m2, gjendet në katin e 6-të dhe ka lift funksional.
Banesa ka kete renditje:
- Sallon
- Kuzhine
- Dhome gjumi
- Banjo
- Ballkon
- Koridor
Cmimi: 350 euro

bit.ly/3n3a6PU

Per me shume informata mund te na kontaktoni ne numrin
049 124 677 WhatsApp dhe Viber +383 49 124 677
044 333 511 WhatsApp dhe Viber +383 44 3",350 EUR,60,Qira,350.00,60.0,Emshir,rent,350.00,60.0,Emshir,rent,,,,,
10,banesa-52477,https://listime.gjirafa.com/Shpallje/Patundshmeri/banesa-52477,random,Banese me qira ne lagjen Mati 1,"Leshohet banese me qira ne rrugen Shaqir Iglishta nr.59 MAT1.
Banesa ndodhet ne katin e 3-te, posedon lift.
Banesa ka 60m2

Banesa ka kete renditje:
- dhom gjumi
- sallon dhe kuzhine
- banjo

Qmimi 240€
bit.ly/3n3a6PU


Per me shume informata mund te na kontaktoni ne numrin
044 333 511
+383 44 333 511
",240 EUR,60,Qira,240.00,60.0,Mati 1,rent,240.00,60.0,Mati 1,rent,,,,,
11,banesa-49374,https://listime.gjirafa.com/Shpallje/Patundshmeri/banesa-49374,high_confidence,Banese me qira ne Emshir,"Leshohet banese me qira ne Emshir,Te Kullat e Arabve,Kati 5
Banesa ka kete renditje:
- 2 dhoma gjumi
- sallon dhe kuzhine
- banjo
- 2 ballkona
- koridor
Qmimi 300€
bit.ly/3n3a6PU

Per me shume informata mund te na kontaktoni ne numrin
044 333 511
+383 44 333 511Leshohet banese me qira ne Emshir,Te Kullat e Arabve,Kati 5
Banesa ka kete renditje:
- 2 dhoma gjumi
- sallon dhe kuzhine
- banjo
- 2 ball",300 EUR,85,Qira,300.00,85.0,Emshir,rent,300.00,85.0,Emshir,rent,,,,,
12,banesa-78167,https://listime.gjirafa.com/Shpallje/Patundshmeri/banesa-78167,invalid,Banesë me qira në Arbëri,"Lëshohet me qira banesa në Arbëri, përball Ambasadës Amerikane, afër Jysk. Banesa është e mobiluar dhe e përshtatshme për banim.
Banesa ka këtë renditje:
•	Sallon dhe Kuzhinë
•	2 Dhoma gjumi
•	Banjo
•	WC
•	Ballkon
•	Koridor

Kodi: 3293

Për më shumë informata mund të na beni like faqen tone ne facebook
Smart Real Estate,
bit.ly/2htS4cY
, si dhe
www.instagram.com/realestatesmart/

apo per me shume ",1 EUR,1,Qira,1.00,,Arbëri,rent,1.00,,Arbëri,rent,,,,,
13,banesa-56103,https://listime.gjirafa.com/Shpallje/Patundshmeri/banesa-56103,random,Banese me qira ne lagjen Ulpiane 1+1,"Banesë me qira në lagjen Ulpiane,Banesa eshte e mobiluar ne teresi dhe eshte e lire nga data 01.11.22
Kati:2
Sipërfaqe:50 m2
Çmimi i qirasë:300
Renditja:
♦Sallon me kuzhinë
♦Dhomë gjumi
♦Banjo
♦Ballkon
♦Korridor

Për më shumë informata mund të na beni like faqen tone ne facebook Smart Real Estate,
bit.ly/2htS4cY
,  ose mund të na kontaktoni në këtë numër telefoni
044 393 777
WhatsApp & Viber
+3834",300 EUR,50,Qira,300.00,50.0,Ulpiane,rent,300.00,50.0,Ulpiane,rent,,,,,
14,banesa-83589,https://listime.gjirafa.com/Shpallje/Patundshmeri/banesa-83589,random,Banese me qira ne lagjen Arberia,"Lëshohet me qira banesa eksluzive në lagjen Arbëria/Dragodan , rruga Vicianum kompleksi Tregtia shume afer me Marketin Meridian dhe Komunen e re. Banesa është e mobiluar në tërësi me te gjitha pajisjet e domosdoshme dhe te përshtatshme për banim.
Banesa ka sistemin e ngrohjes me Termokos.
Banesa leshohet per familjar/qift
Çmimi:
, plus depoziti i obliguar
Renditja:
• Sallon dhe kuzhinë
• Dhomë gju",280 EUR,60,Qira,280.00,60.0,Arberia,rent,280.00,60.0,Arberia,rent,,,,,
15,banesa-79224,https://listime.gjirafa.com/Shpallje/Patundshmeri/banesa-79224,random,Banesë me qira në Ulpianë,"Lëshohet me qira banesa në Ulpianë, te Fontana. Banesa është e mobiluar e përshtatshme për banim.
Banesa sistemin e ngrohjes e ka me Termokos. Ka ashensor funksional.
Sipërfaqe: 70m²
Çmimi: 300
Rënditja
•	Sallon dhe Kuzhinë
•	2 Dhoma
•	Banjo
•	Koridor

Kodi: 3290

Për më shumë informata mund të na beni like faqen tone ne facebook
Smart Real Estate,
bit.ly/2htS4cY
, si dhe
www.instagram.com/realest",300 EUR,70,Qira,300.00,70.0,Ulpianë,rent,300.00,70.0,Ulpianë,rent,,,,,
16,banesa-79396,https://listime.gjirafa.com/Shpallje/Patundshmeri/banesa-79396,random,Banese me qira ne lagjen Bregu i diellit,"Banesa me Qira në Bregu i Diellit
Adresa: Rruga “Hilmi Rakovica”, Bregu i Diellit

• Sipërfaqe: 50 m²
• Përbëhet nga:
• 1 Dhomë gjumi
• Sallon i madh i bashkangjitur me kuzhinë
• Banjo me WC
• Korridor
• Ballkon me pamje të bukur nga qyteti

Banesa gjithashtu posedon një nen-kulim, të arritshëm përmes shkallëve të brendshme.

Çmimi i qirasë: 250 EURO në muaj.

bit.ly/3n3a6PU

Per me shume informat",250 EUR,50,Qira,250.00,50.0,Bregu i diellit,rent,250.00,50.0,Bregu i diellit,rent,,,,,
17,banesa-77511,https://listime.gjirafa.com/Shpallje/Patundshmeri/banesa-77511,random,Banese me qira ne Lagje te Spitalit,"Leshohet banese me qira ne Lagje te Spitalit, rruga Vellezerit Asllani, Afer Qkuk. Banesa eshte e mobiluar komplet.
Renditja:
- Sallon
- Kuzhine
- Dhome gjumi
- Banjo
- Ballkon
- Koridor
- Garazhe
Cmimi: 300 euro me garazhe

bit.ly/3n3a6PU

Per me shume informata mund te na kontaktoni ne numrin
049 124 677 WhatsApp dhe Viber +383 49 124 677
044 333 511 WhatsApp dhe Viber +383 44 333 511",300 EUR,60,Qira,300.00,60.0,Spitalit,rent,300.00,60.0,Spitalit,rent,,,,,
18,banesa-81924,https://listime.gjirafa.com/Shpallje/Patundshmeri/banesa-81924,random,Banesë me qira në Tophane,"Lëshohet me qira banesa/gasoniere në Tophane, shumë afër Qendrës. Banesa është e mobiluar e gatshme dhe e përshtatshme për banim.
Banesa ka të gjitha pajisjet e nevojshme funksionale.
Sipërfaqe: 32m²
Çmimi: 180
Rënditja
• Sallon
• Kuzhinë
• Banjo
Kodi: 3656
Për më shumë informata mund të na beni like faqen tone ne facebook
Smart Real Estate,
bit.ly/2htS4cY
, si dhe
www.instagram.com/realestatesmar",180 EUR,32,Qira,180.00,32.0,Tophane,rent,180.00,32.0,Tophane,rent,,,,,
19,banesa-77144,https://listime.gjirafa.com/Shpallje/Patundshmeri/banesa-77144,random,Banesë me qira te Muharrem Fejza,"Lëshohet me qira banesa te Muharrem Fejza, kompleksi Luledielli. Banesa është e mobiluar dhe e përshtatshme për banim.
Ndodhet në katin e 6, posedon ashensor funksional.
Sipërfaqe: 70m²
Çmimi: 350
Banesa ka këtë renditje:
•	Sallon dhe Kuzhinë
•	Dhomë gjumi
•	Banjo
•	Ballkon
•	Koridor

Kodi: 3111

Për më shumë informata mund të na beni like faqen tone ne facebook
Smart Real Estate,
bit.ly/2htS4cY
,",350 EUR,70,Qira,350.00,70.0,Muharrem Fejza,rent,350.00,70.0,Muharrem Fejza,rent,,,,,
20,banesa-55595,https://listime.gjirafa.com/Shpallje/Patundshmeri/banesa-55595,random,Banese me qira ne lagjen e spitalit 1+1,"Banesë me qira në lagjen e Spitalit,ne rrugen e Shkupit, mbrapa Spitalit Amerikan, ne komplrksin Hill Rezidenc.Banesa eshte e mobiluar ne teresi dhe e re.
Kati:3
Sipërfaqe:65 m2
Çmimi i qirasë:300
Renditja:
♦Sallon me kuzhinë
♦Dhomë gjumi
♦Banjo
♦Ballkon
♦Korridor

Për më shumë informata mund të na beni like faqen tone ne facebook Smart Real Estate,
bit.ly/2htS4cY
,  ose mund të na kontaktoni në k",300 EUR,65,Qira,300.00,65.0,spitalit,rent,300.00,65.0,spitalit,rent,,,,,
21,banesa-77537,https://listime.gjirafa.com/Shpallje/Patundshmeri/banesa-77537,random,Garsoniere me qira ne lagjen Ulpiana,"Leshohet banese  ( garsoniere )me qira ne lagjen Ulpiana, komplet e mobiluar
Banesa ka kete renditje:
- Sallon
- Kuzhine
- Banjo
Cmimi: 200 euro

bit.ly/3n3a6PU

Per me shume informata mund te na kontaktoni ne numrin
049 124 677 WhatsApp dhe Viber +383 49 124 677
044 333 511 WhatsApp dhe Viber +383 44 333 511
",200 EUR,50,Qira,200.00,50.0,Ulpiana,rent,200.00,50.0,Ulpiana,rent,,,,,
22,banesa-60509,https://listime.gjirafa.com/Shpallje/Patundshmeri/banesa-60509,random,Banesa me qira te Qafa,"Banesë me qira te Qafa, banesa eshte e mobiluar ne teresi
Kati:3
Sipërfaqe:65
Çmimi i qirasë:
Renditja:
♦Sallon me kuzhinë
♦Dhomë gjumi
♦Banjo
♦Ballkon
♦Korridor

Për më shumë informata mund të na beni like faqen tone ne facebook Smart Real Estate,
bit.ly/2htS4cY
, apo per me shume oferta apo banesa te lira:
www.merrmeqira.com/user/profile/smart

ose mund të na kontaktoni në këtë numër telefoni
04",350 EUR,65,Qira,350.00,65.0,Qafa,rent,350.00,65.0,Qafa,rent,,,,,
23,banesa-81128,https://listime.gjirafa.com/Shpallje/Patundshmeri/banesa-81128,random,Banesë me qira në Tophane,"Lëshohet me qira banesa në Tophane. Banesa është e mobiluar në tërësi, e gatshme për banim.
Banesa ndodhet në katin e 4, posedon ashensor.
Sipërfaqe: 50m²
Çmimi: 250
Rënditja
• Sallon dhe Kuzhinë
• Dhomë gjumi
• Banjo
• Koridor
• Ballkon
Kodi: 3576
Për më shumë informata mund të na beni like faqen tone ne facebook
Smart Real Estate,
bit.ly/2htS4cY
, si dhe
www.instagram.com/realestatesmart/

apo p",250 EUR,50,Qira,250.00,50.0,Tophane,rent,250.00,50.0,Tophane,rent,,,,,
24,banesa-44196,https://listime.gjirafa.com/Shpallje/Patundshmeri/banesa-44196,random,Banese me qira ne lagjen Arberia_2+1,"Banesë me qira në lagjen Arberia, rr.Vicianum, banesa eshte komplet e mobiluar
Sipërfaqe:70m2
Çmimi I qirasë:300€
Renditja:
♦Sallon me kuzhinë
♦2 Dhomë gjumi
♦Banjo
♦Ballkon
♦Korridor

Për më shumë informata mund të na beni like faqen tone ne facebook Smart Real Estate,
bit.ly/2htS4cY
,  ose mund të na kontaktoni në këtë numër telefoni
044/393-777
WhatsApp & Viber
+383 44 393 777
",300 EUR,70,Qira,300.00,70.0,Arberia,rent,300.00,70.0,Arberia,rent,,,,,
25,banesa-31252,https://listime.gjirafa.com/Shpallje/Patundshmeri/banesa-31252,random,Ekstra banese me qira ne lagjen Lakrishte,"Ekstra banese me qira ne lagjen Lakrishte, kompleksi "" Ramiz Sadiku "", mrapa NLB Bank. Banesa eshte komplet e mobiluar, moderne, gjendet ne katin e 9-te, lift funksional, ngrohje qendrore me Termokos.
Siperfaqe: 67m2
Renditja:
Sallon me kuzhine * dhome gjumi * banjo * ballkon * korridor
Çmimi: 350 €

Per me shume informata rreth kesaj banese mund te na shkruani linkun me id ose nje screenshot te s",350 EUR,67,Qira,350.00,67.0,Lakrishte,rent,350.00,67.0,Lakrishte,rent,,,,,
26,banesa-59395,https://listime.gjirafa.com/Shpallje/Patundshmeri/banesa-59395,random,Banese me qira ne lagjen Tophane,"Banesë me qira në lagjen Tophane, eshte ndertim i ri, banesa eshte e mobiluar ne teresi,
Sipërfaqe:60
Çmimi i qirasë:300
Renditja:
♦Sallon me kuzhinë
♦Dhomë gjumi
♦Banjo
♦Ballkon
♦Korridor

Për më shumë informata mund të na beni like faqen tone ne facebook Smart Real Estate,
bit.ly/2htS4cY
, apo per me shume oferta apo banesa te lira:
www.merrmeqira.com/user/profile/smart

ose mund të na kontakton",300 EUR,60,Qira,300.00,60.0,Tophane,rent,300.00,60.0,Tophane,rent,,,,,
27,banesa-78490,https://listime.gjirafa.com/Shpallje/Patundshmeri/banesa-78490,high_confidence,Banese me qira te Parku i qytetit,"Leshohet banese me qira te Parku i qytetit, komplet e mobiluar, kati i 4-te me siperfaqe  prej 75 m2.
Banesa ka kete renditje:
- Sallon
- Kuzhine
-2 Dhoma gjumi
- Banjo
- Ballkon
- Koridor
Cmimi: 400 euro

bit.ly/3n3a6PU

Per me shume informata mund te na kontaktoni ne numrin
049 124 677 WhatsApp dhe Viber +383 49 124 677
044 333 511 WhatsApp dhe Viber +383 44 333 511",400 EUR,75,Qira,400.00,75.0,Parku i qytetit,rent,400.00,75.0,Parku i qytetit,rent,,,,,
28,banesa-60512,https://listime.gjirafa.com/Shpallje/Patundshmeri/banesa-60512,high_confidence,Banese me qira ne lagjen Emshir_2+1,"Banesë me qira në lagjen  Emshir, kompleksi Pirshtina Stars, banesa eshe e mobiluar ne teresi, moderne
Sipërfaqe:77
Çmimi i qirasë:400
Renditja:
♦Sallon me kuzhinë
♦2 Dhomë gjumi
♦Banjo
♦Ballkon
♦Korridor

Për më shumë informata mund të na beni like faqen tone ne facebook Smart Real Estate,
bit.ly/2htS4cY
, apo per me shume oferta apo banesa te lira:
www.merrmeqira.com/user/profile/smart

ose mund",400 EUR,77,Qira,400.00,77.0,Emshir,rent,400.00,77.0,Emshir,rent,,,,,
29,banesa-30253,https://listime.gjirafa.com/Shpallje/Patundshmeri/banesa-30253,high_confidence,Ipet banese me qira ne lagjen Dardania,"Ipet banese me qira ne lagjen Dardania, te Santea. Eshte komplet e mobiluar, e renovuar me mobile te reja, gjendet ne katin e 1, ngrohje me termokos.

Siperfaqe: 65m2
Renditja:
Sallon me kuzhine / Dhome gjumi / Banjo / Ballkon / Korridor
Qmimi: 350 €

Per me shume informata rreth kesaj banese mund te na shkruani linkun me id ose nje screenshot te shpalljes, apo nje kerkese tuajen per banesa tjera,",350 EUR,65,Qira,350.00,65.0,Dardania,rent,350.00,65.0,Dardania,rent,,,,,
30,banesa-89799,https://listime.gjirafa.com/Shpallje/Patundshmeri/banesa-89799,random,Banese me qira ne Arberi,"Banesa me qera në lagjen me te mire ne Prishtine ,ne Lagjen Arberia rruga Bashkim Fehmiu Kompleksi Tregtia
Banesa eshte e mobiluar me te gjitha elementet,,shume komode per bqnim
Banesa posedon  nxemjen  me termokos
Kati: 2-te
Sipërfaqe: 65m2
Çmimi 320 plus depozita e obliguar
-
Banesa gjendet në një ambient të përshtatshëm për banim
-
Banesa është e orientuar në lindje dhe e ekspozuar mjaft ndaj D",320 EUR,65,Qira,320.00,65.0,Arberi,rent,320.00,65.0,Arberi,rent,,,,,
31,banesa-53664,https://listime.gjirafa.com/Shpallje/Patundshmeri/banesa-53664,random,Banes ne shitje ne lagjen Sllovenia e sportit  1+1,"Banesë ne shitje në lagjen Sllovenia e sportit afer te Parku i Qytetit,ne rrugen Isa Kastrati.Banesa eshte e mobiluar ne teresi.

Sipërfaqe:50 m2
Çmimi I shitjes:45 000
Renditja:
♦Sallon me kuzhinë
♦Dhomë gjumi
♦Banjo
♦Ballkon
♦Korridor

Për më shumë informata mund të na beni like faqen tone ne facebook Smart Real Estate,
bit.ly/2htS4cY
,  ose mund të na kontaktoni në këtë numër telefoni
044 393 7","54,000 EUR",50,Shitet,54000.00,50.0,Sllovenia e sportit,sale,54000.00,50.0,Sllovenia e sportit,sale,,,,,
32,banesa-77054,https://listime.gjirafa.com/Shpallje/Patundshmeri/banesa-77054,random,Banese me qira ne Ulpiane,"🎉 Banesë me Qira në Ulpianë! 🏡

📍 Adresa: Rruga “Deshmoret e Kombit”, mbrapa ish Hotel Bacit

💰 Çmimi: 300 euro
🔑 Detajet e Banesës:

⭕️ 2 dhoma gjumi
⭕️ Sallon me kuzhinë
⭕️ Koridor
⭕️ Banjo
⭕️ Ballkon

📍 Karakteristika të Veçanta:
Nxemje qendrore me Termokos
Dritare të reja me 3 xhama dhe roletne të aluminit

📞 Për më shumë informacion ose për të caktuar një vizitë, ju lutem kontaktoni:
049 124 ",300 EUR,68,Qira,300.00,68.0,Ulpiane,rent,300.00,68.0,Ulpiane,rent,,,,,
33,banesa-52151,https://listime.gjirafa.com/Shpallje/Patundshmeri/banesa-52151,random,Banese ne shitje ne lagjen Tophane 4+1,"Banesë ne shitje në lagjen Tophane, ne rrugen Pjeter Bogdani.Bnesa eshte e mobiluar ne teresi me te gjitha paisjet.Banesa eshte me dy hyrje te ndara,banesa ka dy ora  rrymes dy ora te ujit dhe mund te ndahet vetem me nje mure dy banesa.
Kati:
Sipërfaqe:129 m2
Çmimi I shitjes:950 m2
Renditja:
♦Sallon me kuzhinë
♦4Dhomë gjumi
♦2Banjo
♦Ballkon
♦Korridor

Për më shumë informata mund të na beni like fa",950 EUR,129,Shitet,95000.00,129.0,Tophane,sale,95000.00,129.0,Tophane,sale,,,,,
34,banesa-61108,https://listime.gjirafa.com/Shpallje/Patundshmeri/banesa-61108,random,Banese me qira ne lagjen Emshir_2+1,"Banesë me qira në lagjen emshir, banesa esht e re e mobiluar ne teresi, e pa banuar me pare
Kati:2
Sipërfaqe:110
Çmimi i qirasë:420
Renditja:
♦Sallon me kuzhinë
♦3 Dhomë gjumi
♦Banjo
♦Ballkon
♦Korridor

Për më shumë informata mund të na beni like faqen tone ne facebook Smart Real Estate,
bit.ly/2htS4cY
, apo per me shume oferta apo banesa te lira:
www.merrmeqira.com/user/profile/smart

ose mund të",420 EUR,110,Qira,420.00,110.0,Emshir,rent,420.00,110.0,Emshir,rent,,,,,
35,banesa-54990,https://listime.gjirafa.com/Shpallje/Patundshmeri/banesa-54990,random,Banese me qira ne Qender,"Leshohet banese me qira ne Qnder , Perball RTK,Kati 4
Banesa ka kete renditje:
- 1 dhoma gjumi
- sallon dhe kuzhine
- banjo
- ballkon
- koridor
Qmimi 300€

bit.ly/3n3a6PU

Per me shume informata mund te na kontaktoni ne numrin
049 124 677
+383 49 124 677
044 333 511
+383 44 333 511
",300 EUR,50,Qira,300.00,50.0,Qender,rent,300.00,50.0,Qender,rent,,,,,
36,banesa-54067,https://listime.gjirafa.com/Shpallje/Patundshmeri/banesa-54067,random,Banese me qira ne Dardani,"Leshohet banese me qira ne Dardani , mbi kurriz,Kati15
Banesa ka kete renditje:
- 1 dhoma gjumi
- sallon dhe kuzhine
- banjo
- ballkon
- koridor
Qmimi 230€

bit.ly/3n3a6PU

Per me shume informata mund te na kontaktoni ne numrin
049 124 677
+383 49 124 677
044 333 511
+383 44 333 511
",230 EUR,60,Qira,230.00,60.0,Dardani,rent,230.00,60.0,Dardani,rent,,,,,
37,banesa-78715,https://listime.gjirafa.com/Shpallje/Patundshmeri/banesa-78715,random,Banese me qira ne lagjen Mati 1,"Leshohet banese me qira ne lagjen Mati 1, kompleksi Evergreen, afer kopshtit Bardha. Banesa eshte komplet e mobiluar e re dhe e pershtatshme per banim.
Renditja:
Siperfaqe: 66m2
- Sallon
- Kuzhine
- Dhome gjumi
- Banjo
- Ballkon
- Koridor
Cmimi: 300 euro

bit.ly/3n3a6PU

Per me shume informata mund te na kontaktoni ne numrin
049 124 677 WhatsApp dhe Viber +383 49 124 677
044 333 511 WhatsApp dhe V",300 EUR,66,Qira,300.00,66.0,Mati 1,rent,300.00,66.0,Mati 1,rent,,,,,
38,banesa-80370,https://listime.gjirafa.com/Shpallje/Patundshmeri/banesa-80370,invalid,Banesë me qira te Bregu i Diellit,"Lëshohet me qira banesa te Bregu i Diellit. Banesa është e mobiluar dhe është e përshtatshme për banim.
Ka të gjitha pajisjet funksionale. Sistemin e ngrohjes e ka me Termokos.
Çmimi:  i diskutueshem
Rënditja
• Kuzhinë
• 2 Dhoma gjumi
• Banjo
• Koridor
Kodi: 3431
Për më shumë informata mund të na beni like faqen tone ne facebook
Smart Real Estate,
bit.ly/2htS4cY
, si dhe
www.instagram.com/realesta",1 EUR,1,Qira,1.00,,Bregu i Diellit,rent,1.00,,Bregu i Diellit,rent,,,,,
39,banesa-64029,https://listime.gjirafa.com/Shpallje/Patundshmeri/banesa-64029,random,Banese me qira ne Qender,"Banesë me qira në Qender, rr.Shaban Polluzha mrapa Teatrit, eshte e mobiluar ne teresi, vend shume i pershtatshem
Kati:7
Sipërfaqe:55
Çmimi i qirasë:250
Renditja:
♦Sallon me kuzhinë
♦Dhomë gjumi
♦Banjo
♦Ballkon
♦Korridor

Për më shumë informata mund të na beni like faqen tone ne facebook Smart Real Estate,
bit.ly/2htS4cY
, apo per me shume oferta apo banesa te lira:
www.merrmeqira.com/user/profile",250 EUR,55,Qira,250.00,55.0,Qender,rent,250.00,55.0,Qender,rent,,,,,
40,banesa-52455,https://listime.gjirafa.com/Shpallje/Patundshmeri/banesa-52455,random,Banese me qira ne Emshir,"Leshohet banese me qira ne Emshir, objekti i Nartelit te banesat e Arabve.
Banesa ndodhet ne katin e 1, dhe ka ngrohje me termokos.

Banesa ka kete renditje:
- dhom gjumi
- sallon dhe kuzhine
- banjo
- koridor
- depo
- ballkon


Qmimi 250€
bit.ly/3n3a6PU


Per me shume informata mund te na kontaktoni ne numrin
044 333 511
+383 44 333 511
",250 EUR,60,Qira,250.00,60.0,Emshir,rent,250.00,60.0,Emshir,rent,,,,,
41,banesa-31237,https://listime.gjirafa.com/Shpallje/Patundshmeri/banesa-31237,high_confidence,Leshohet banese me qira te Qafa,"Leshohet banese me qira te Qafa, rruga: Josip Rela. Eshte e gjysmemobiluar, gjendet ne katin perdhese, dhe mund te perdoret edhe per zyre.
Siperfaqe: 85m2
Renditja:
Sallon me kuzhine * 2 dhoma gjumi * banjo * ballkon * korridor.
Çmimi: 270 €

Per me shume informata rreth kesaj banese mund te na shkruani linkun me id ose nje screenshot te shpalljes, apo nje kerkese tuajen per banesa tjera, ne kete ",270 EUR,85,Qira,270.00,85.0,Qafa,rent,270.00,85.0,Qafa,rent,,,,,
42,banesa-50282,https://listime.gjirafa.com/Shpallje/Patundshmeri/banesa-50282,random,Banese me qira ne Emshir,"Leshohet banese me qira ne Emshir,te Market Erza,Kati 2
Banesa ka kete renditje:
- 2 dhoma gjumi
- sallon dhe kuzhine ndamas
- banjo
- ballkon
- koridor
Qmimi 270€
bit.ly/3n3a6PU

Per me shume informata mund te na kontaktoni ne numrin
044 333 511
+383 44 333 511",270 EUR,85,Qira,270.00,85.0,Emshir,rent,270.00,85.0,Emshir,rent,,,,,
43,banesa-50700,https://listime.gjirafa.com/Shpallje/Patundshmeri/banesa-50700,random,Banese me qira ne Dardani,"Leshohet banese me qira ne Dardani,Afer Super Vives
Banesa ka kete renditje:
- dhoma gjumi
- sallon dhe kuzhine
- banjo
- ballkon
- koridor
Qmimi 300€
bit.ly/3n3a6PU

Per me shume informata mund te na kontaktoni ne numrin
044 333 511
+383 44 333 511",300 EUR,60,Qira,300.00,60.0,Dardani,rent,300.00,60.0,Dardani,rent,,,,,
44,banesa-77456,https://listime.gjirafa.com/Shpallje/Patundshmeri/banesa-77456,random,Banesë me qira në Arbëri,"Lëshohet me qira banesa në Arbëri, afër Sach Caffe. Është e mobiluar në tërësi dhe shumë e përshtatshme për banim.
Sistemin e ngrohjes e ka me Termokos. Ka garazh me hapësirë parikimi për dy vetura.
Sipërfaqe: 96m²
Çmimi:800
Banesa ka këtë renditje:
•	Sallon dhe Kuzhinë
•	2 Dhoma gjumi
•	Banjo
•	Ballkon
•	Koridor

Kodi: 3141

Për më shumë informata mund të na beni like faqen tone ne facebook
Smart",600 EUR,96,Qira,600.00,96.0,Arbëri,rent,600.00,96.0,Arbëri,rent,,,,,
45,banesa-81836,https://listime.gjirafa.com/Shpallje/Patundshmeri/banesa-81836,random,Shitet banesa te Bregu i Diellit,"SHITET banesa te Bregu I Diellit, rruga Ibrahim Pacolli.  Banesa është e re, e sapo perfunduar, e pa mobiluar dhe e gatshme për banim.
Ndodhet në katin e V, ka ashensor.  Ka hapësirë për parkim. Ofron hapësira komode dhe të shfrytëzuara për një familje
Sipërfaqja: 89.32m²
Çmimi: 1500m²
Renditja:
•	Sallon dhe Kuzhinë
•	2 Dhoma gjumi
•	2 Banjo
•	Depo
•	Ballkon
•	Koridor

Kodi: 3645

Për më shumë inf",1 EUR,89,Shitet,150000.00,89.0,Bregu i Diellit,sale,150000.00,89.0,Bregu i Diellit,sale,,,,,
46,banesa-60511,https://listime.gjirafa.com/Shpallje/Patundshmeri/banesa-60511,random,Banese me qira ne lagjen Aktash_2+1,"Banesë me qira në lagjen  Aktash, eshte e pa mobiluar, leshohet edhe per zyre,
Kati:1
Sipërfaqe:72
Çmimi i qirasë:
Renditja:
♦Sallon me kuzhinë
♦2 Dhomë gjumi
♦Banjo
♦Ballkon
♦Korridor

Për më shumë informata mund të na beni like faqen tone ne facebook Smart Real Estate,
bit.ly/2htS4cY
, apo per me shume oferta apo banesa te lira:
www.merrmeqira.com/user/profile/smart

ose mund të na kontaktoni në",500 EUR,72,Qira,500.00,72.0,Aktash,rent,500.00,72.0,Aktash,rent,,,,,
47,banesa-76006,https://listime.gjirafa.com/Shpallje/Patundshmeri/banesa-76006,invalid,Banesë me qira në Arbëri,"Lëshohet me qira banesa në lagjen Arbëria, te Minimaxi. Banesa është e mobiluar dhe shumë e përshtatshme për banim.
Banesa ka këtë renditje:
•	Salloni dhe Kuzhinë
•	2 Dhoma Gjumi
•	2 Banjo
•	Ballkon
•	Koridor

Kodi: 3048

Për më shumë informata mund të na beni like faqen tone ne facebook
Smart Real Estate,
bit.ly/2htS4cY
, si dhe
www.instagram.com/realestatesmart/

apo per me shume oferta apo bane",1 EUR,1,Qira,1.00,,Arbëri,rent,1.00,,Arbëri,rent,,,,,
48,banesa-51187,https://listime.gjirafa.com/Shpallje/Patundshmeri/banesa-51187,random,Banese me qira ne Arberi,"Leshohet banese me qira ne Arberi, te Ambasada Amerikane,banesa eshte komplet e mobilur, 90m2
Banesa ka kete renditje:
- 2 dhoma gjumi
- sallon dhe kuzhine
- banjo
- ballkon
- koridor
Qmimi 400€
bit.ly/3n3a6PU


Per me shume informata mund te na kontaktoni ne numrin
049 124 677
+383 49 124 677",400 EUR,90,Qira,400.00,90.0,Arberi,rent,400.00,90.0,Arberi,rent,,,,,
49,banesa-61063,https://listime.gjirafa.com/Shpallje/Patundshmeri/banesa-61063,random,Banese-garsonjer me qira ne Qender,"Leshohet banese-garsonjer me qira ne Qender ,Kati 2 te Komuna e vjeter
Banesa ka kete renditje:

- Sallon
- Kuzhine
- Banjo
- Ballkon
- Koridor
Qmimi 170€

bit.ly/3n3a6PU

Per me shume informata mund te na kontaktoni ne numrin
049 124 677
+383 49 124 677
044 333 511
+383 44 333 511",170 EUR,0,Qira,170.00,,Qender,rent,170.00,,Qender,rent,,,,,
50,banesa-89815,https://listime.gjirafa.com/Shpallje/Patundshmeri/banesa-89815,random,Banese (zyre) me qira te Parku i Qytetit,"Jepet me qira banesa (zyre) ne Prishtine te Parku i qytetit, gjysem e  mobiluar.
Banesa posedon garazhe
Gjendet ne katin e pare
Banesa ka kete renditje:
-Sallon me kuzhine
-tri dhoma gjumi
-nje banje me WC
-ballon
Qmimi 400 euro
Për më shumë informata mund të na beni like faqen tone ne facebook
Smart Real Estate,
bit.ly/2htS4cY
, si dhe
www.instagram.com/realestatesmart/

apo per me shume oferta a",400 EUR,75,Qira,400.00,75.0,Parku i Qytetit,rent,400.00,75.0,Parku i Qytetit,rent,,,,,
51,banesa-79580,https://listime.gjirafa.com/Shpallje/Patundshmeri/banesa-79580,random,Banesë me qira në Lakrishtë,"Lëshohet me qira banesa në Lakrishtë, përball Nartelit. Banesa ka kuzhinën e kompletuar.
Ndodhet në katin e 1. Sistemin e ngrohjes e  ka me rrymë.
Sipërfaqe: 86m²
Çmimi: 500
Rënditja
•	Sallon dhe Kuzhinë
•	2 Dhoma gjumi
•	2 Banjo
•	Koridor
•	Ballkon
Banesa ka edhe garazhen 16m² me çmim shtesë +50

Kodi: 3405

Për më shumë informata mund të na beni like faqen tone ne facebook
Smart Real Estate,
bit",500 EUR,86,Qira,500.00,86.0,Lakrishtë,rent,500.00,86.0,Lakrishtë,rent,,,,,
52,banesa-91779,https://listime.gjirafa.com/Shpallje/Patundshmeri/banesa-91779,random,Banesë me qira në Lagjen e Spitalit,"Banesë me qira në Lagjen e Spitalit

Çmimi: 280€

Në Rrugën: ''Muharrem Fejza'', te frizer Lindi, me 70m², kati 1, me kushte shumë të mira banimi, është e mobiluar në tërësi, si dhe ka këtë renditje:

Dhomë e ditës me kuzhinë dhe tryezari
2 Dhoma gjumi
Banjo, dhe
Ballkon.

Për më shumë informata mund të na kontaktoni:
043 835 299",280 EUR,70,Qira,280.00,70.0,Spitalit,rent,280.00,70.0,Spitalit,rent,,,,,
53,banesa-53075,https://listime.gjirafa.com/Shpallje/Patundshmeri/banesa-53075,random,Banese ne shitje ne lagjen Arberia,"SHITET Banesë  në lagjen Arberia, rruga Vicianum afer kompleksi Tregtia dhe Meridian market, eshte e mobiluar ne teresi,lift funksional ,nxemja me kallda
Kati:4
Sipërfaqe:59.8m2
Çmimi i shitjes:7600  dhe shitet me mobile
Renditja:
♦Sallon me kuzhinë
♦Dhomë gjumi
♦Banjo
♦Ballkon i madh
♦Korridor
Për më shumë informata mund të na beni like faqen tone ne facebook Smart Real Estate,
bit.ly/2htS4cY
, o","76,000 EUR",60,Shitet,76000.00,60.0,Arberia,sale,76000.00,60.0,Arberia,sale,,,,,
54,banesa-84174,https://listime.gjirafa.com/Shpallje/Patundshmeri/banesa-84174,random,Banese me qira ne Arberi,"Leshohet banese me qira ne lagjen Arberia, e mobiluar në tërësi, kompleksi Ambasador Residence
Banesa ka të gjitha pajisjet e nevojshme funksionale.
Sipërfaqe: 52m2
Çmimi: 370
Rënditja
• Sallon dhe Kuzhinë
• Banjo
• Ballkon
• Koridor
Kodi: 3801
Për më shumë informata mund të na beni like faqen tone ne facebook
Smart Real Estate,
bit.ly/2htS4cY
, si dhe
www.instagram.com/realestatesmart/

apo per m",370 EUR,52,Qira,370.00,52.0,Arberi,rent,370.00,52.0,Arberi,rent,,,,,
55,banesa-55045,https://listime.gjirafa.com/Shpallje/Patundshmeri/banesa-55045,random,Banese me qira ne Arberi,"Leshohet banese me qira ne Arberi, te Meridiani,Kati 2
Banesa ka kete renditje:
- 1 dhoma gjumi
- sallon dhe kuzhine
- banjo
- ballkon
- koridor
- Garazha
Qmimi 300€
-ne Cmim jane te perfshira: Uji,Mirmbajtja e Hyrjes

bit.ly/3n3a6PU

Per me shume informata mund te na kontaktoni ne numrin
049 124 677
+383 49 124 677
044 333 511
+383 44 333 511",300 EUR,60,Qira,300.00,60.0,Arberi,rent,300.00,60.0,Arberi,rent,,,,,
56,banesa-41754,https://listime.gjirafa.com/Shpallje/Patundshmeri/banesa-41754,random,Banese me qira ne Mati 1,"Leshohet banese me qira ne Mati 1
Banesa ka kete renditje:
- 1 dhome gjumi
- sallon dhe kuzhine
- banjo
- ballkon
- koridor
Qmimi 200€
bit.ly/3n3a6PU


Per me shume informata mund te na kontaktoni ne numrin
044 333 511
+383 44 333 511




",200 EUR,60,Qira,200.00,60.0,Mati 1,rent,200.00,60.0,Mati 1,rent,,,,,
57,banesa-91758,https://listime.gjirafa.com/Shpallje/Patundshmeri/banesa-91758,random,Leshoj banese me qira ne bregun e diellit,Leshoj banese me qira ne prishtine ne bregun e diellit.Banesa ka 2 dhoma ka banjo korridor si dhe ka ballkon.Banesa eshte e mobiluar dhe e gatshme per banim.Qmimi eshte 280 euro dhe perfshihen te gjitha shpenzimet..,280 EUR,50,Qira,280.00,50.0,bregun e diellit,rent,280.00,50.0,bregun e diellit,rent,,,,,
58,banesa-56777,https://listime.gjirafa.com/Shpallje/Patundshmeri/banesa-56777,random,Banese me qira ne lagjen Bregu i Diellit 2+1,"Banesë me qira në lagjen Bregu i Diellit, mbi Qerimi 2, afer permendores Rugoves.Banesa eshte e mobiluar ne teresi.
Kati:2
Sipërfaqe:70 m2
Çmimi i qirasë:300
Renditja:
♦Sallon me kuzhinë
♦2Dhomë gjumi
♦Banjo
♦Ballkon
♦Korridor

Për më shumë informata mund të na beni like faqen tone ne facebook Smart Real Estate,
bit.ly/2htS4cY
,  ose mund të na kontaktoni në këtë numër telefoni
044 393 777
WhatsAp",300 EUR,70,Qira,300.00,70.0,Bregu i Diellit,rent,300.00,70.0,Bregu i Diellit,rent,,,,,
59,banesa-77096,https://listime.gjirafa.com/Shpallje/Patundshmeri/banesa-77096,high_confidence,Banese ( garsoniere ) me qira ne Lagjen Ulpiana,"Leshohet banese me qira ne lagjen Ulpiana te Fontana, komplet e mobiluar, kati i 2-te.
Banesa ka kete renditje:
Siperfaqe: 45m2
- Sallon me dy shtreter
- Kuzhine
- Banjo
- Koridor
Cmimi: 220 euro

bit.ly/3n3a6PU

Per me shume informata mund te na kontaktoni ne numrin
049 124 677 WhatsApp dhe Viber +383 49 124 677
044 333 511 WhatsApp dhe Viber +383 44 333 511",220 EUR,45,Qira,220.00,45.0,Ulpiana,rent,220.00,45.0,Ulpiana,rent,,,,,
60,banesa-75575,https://listime.gjirafa.com/Shpallje/Patundshmeri/banesa-75575,random,Banesë me qira në Arbëri,"Lëshohet me qira banesa në lagjen Arbëri rruga Vicianum mbi Restaurant Sensens perballe me komunen e re dhe Albi Market. Banesa është e mobiluar dhe shumë e përshtatshme për banim per qift apo 1 apo 2 persona
Banesa ndodhet në katin e 5 dhe posedon ashensor funksional .
Banesa ka sistemin e ngrohjes me Termokos.
Çmimi: , plus depozita e obliguar.
Rënditja
• Sallon dhe Kuzhinë
• Dhomë gjumi
• Banjo",1 EUR,1,Qira,1.00,,Arbëri,rent,1.00,,Arbëri,rent,,,,,
61,banesa-52109,https://listime.gjirafa.com/Shpallje/Patundshmeri/banesa-52109,random,Banese me qira Te Parku i Qytetit,"Leshohet banese me qira ne Parkun e qytetit, te Fitnesi ""Life Style""

Banesa ka kete renditje:
- 1 dhom gjumi
- sallon dhe kuzhine
- banjo
Qmimi 280€
bit.ly/3n3a6PU


Per me shume informata mund te na kontaktoni ne numrin
044 333 511
+383 44 333 511
",280 EUR,70,Qira,280.00,70.0,Parku i Qytetit,rent,280.00,70.0,Parku i Qytetit,rent,,,,,
62,banesa-8279,https://listime.gjirafa.com/Shpallje/Patundshmeri/banesa-8279,random,Banes moderne me qira te Sllovenia Sporti,"Leshoj banesen me qira te Sllovenia Sporti afer ALBIT 80m2 kati i 5 e mobiluar ne teresi, lift funksional,
Banesa posedon:
- Sallon me Kuzhine
- 2 Dhoma Gjumi
- Koridor
- Banjo
- 2 Ballkona
Qmimi 300 euro

Per em shume informata ju lutem na kontaktoni ne numrin
WhatsApp & Viber:
045190019",300 EUR,80,Qira,300.00,80.0,Sllovenia Sporti,rent,300.00,80.0,Sllovenia Sporti,rent,,,,,
63,banesa-56406,https://listime.gjirafa.com/Shpallje/Patundshmeri/banesa-56406,random,Banese me qira ne lagjen Mati 1 1+1,"Banesë me qira në lagjen Mati 1,ne rrugen Muharrem Fejza ndertesat e Muratorit,te Super Viva.Banesa eshte e mobiluar ne teresi.Banesa lirohet nga 1 Nentori.

Sipërfaqe:50 m2
Çmimi i qirasë:270
Renditja:
♦Sallon me kuzhinë
♦Dhomë gjumi
♦Banjo
♦Ballkon
♦Korridor

Për më shumë informata mund të na beni like faqen tone ne facebook Smart Real Estate,
bit.ly/2htS4cY
,  ose mund të na kontaktoni në këtë ",270 EUR,50,Qira,270.00,50.0,Mati 1,rent,270.00,50.0,Mati 1,rent,,,,,
64,banesa-41551,https://listime.gjirafa.com/Shpallje/Patundshmeri/banesa-41551,random,Banese me qira ne lagjen Bregu i Diellit,"Leshohet banese me qira ne Breg te Diellit
Banesa ka kete renditje:
-  dhoma gjumi
- sallon dhe kuzhine
- banjo
- ballkon
- koridor
-Depo
Qmimi 200€

Per me shume informata mund te na kontaktoni ne numrin
049 124 677
+383 49 124 677
",200 EUR,60,Qira,200.00,60.0,Bregu i Diellit,rent,200.00,60.0,Bregu i Diellit,rent,,,,,
65,banesa-60637,https://listime.gjirafa.com/Shpallje/Patundshmeri/banesa-60637,random,Banese me qira ne lagjen Arberia,"Banesë me qira në lagjen Arberia, banesa eshte e mobiluar ne teresi, moderne
Sipërfaqe:60
Çmimi i qirasë:350
Renditja:
♦Sallon me kuzhinë
♦Dhomë gjumi
♦Banjo
♦Ballkon
♦Korridor

Për më shumë informata mund të na beni like faqen tone ne facebook Smart Real Estate,
bit.ly/2htS4cY
, apo per me shume oferta apo banesa te lira:
www.merrmeqira.com/user/profile/smart

ose mund të na kontaktoni në këtë nu",350 EUR,60,Qira,350.00,60.0,Arberia,rent,350.00,60.0,Arberia,rent,,,,,
66,banesa-13145,https://listime.gjirafa.com/Shpallje/Patundshmeri/banesa-13145,random,Banese ne shitje ne Mati 1 2+1,"Shitet banesa ne Mati 1, te Vellezerit Asllani, afer shkolles Pavaresia, banesa gjendet ne katine  7-te, e gatshme per banim, 112m2
Banesa posedon:
- dy dhoma gjumi
- dy banjo
- ballko
- koridor
- sallon dhe kuzhine
Qmimi 80 000 euro

Per me shume informata rreth kesaj banese dhe ofertave te tjera ju lutem na kontaktoni ne numrin
WhatsApp & Viber:
04519 00 19","80,000 EUR",112,Shitet,80000.00,112.0,Mati 1,sale,80000.00,112.0,Mati 1,sale,,,,,
67,banesa-81390,https://listime.gjirafa.com/Shpallje/Patundshmeri/banesa-81390,low_confidence,Banesë në shitje në Arbëri,"SHITET banesa në Lagjen Arbëria, kompleksi Tregtia. Banesa është e mobiluar e gatshme dhe e përshtatshme për banim.
Banesa ka të gjitha pajisjet e nevojshme funksionale. Sistemin e ngrohjes e ka me Termokos. Ndodhet në një lokacion të përshtatshëm, me pamje Lindje Jug.
Banesa ka hapësirë të mjatueshme parkimi.
Pranimi teknik i kryer shumë shpejt, ka fletë poseduese. Kontrata te Avokati
Sipërfaqe:8",1 EUR,80,Shitet,160000.00,80.0,Arbëri,sale,160000.00,80.0,Arbëri,sale,,,,,
68,banesa-82132,https://listime.gjirafa.com/Shpallje/Patundshmeri/banesa-82132,low_confidence,Banesë në shitje në Arbëri,"SHITET banesa në Arbëri, përball stadiumit ‘Fadil Vokrri’. Banesa është e mobiluar në tërësi, e gatshme dhe shumë e përshtatshme për banim.
Banesa ka të gjitha pajisjet e nevojshme. Ka hapësirë parkimi. Sistemin e ngrohjes e ka me Termokos.
Banesa ndodhet në katin e 2.
Sipërfaqe: 71m²
Çmimi: 1750m²
Renditja
• Sallon dhe Kuzhinë
• Dhomë gjumi
• Banjo
• 2 Ballkona
• Koridor
Kodi: 3675
Për më shumë i",1 EUR,71,Shitet,175000.00,71.0,Arbëri,sale,175000.00,71.0,Arbëri,sale,,,,,
69,banesa-30330,https://listime.gjirafa.com/Shpallje/Patundshmeri/banesa-30330,random,Leshohet banese me qira ne lagjen Bregu i diellit,"Leshohet banese me qira ne lagjen Bregu i diellit, rruga: Ndue Perleshi, afer banesave te bardha. Banesa eshte komplet e mobiluar, me  mobile te reja, gjendet ne katin perdhese dhe mund te perdoret edhe per zyre

Siperfaqe: 60m2
Renditja:
Sallon me kuzhine, Dhome gjumi, Banjo, Ballkon, Korridor, garazhe, depo.
Çmimi: 250 €

Per me shume informata rreth kesaj banese mund te na shkruani linkun me id",250 EUR,60,Qira,250.00,60.0,Bregu i diellit,rent,250.00,60.0,Bregu i diellit,rent,,,,,
70,banesa-78903,https://listime.gjirafa.com/Shpallje/Patundshmeri/banesa-78903,random,Banesë me qira në Lakrishtë,"Ofrohet me qira banesa në Lakrishtë. Banesa është e mobiluar në tërësi dhe është shumë e përshtatshme për banim.
Banesa ndodhet në katin e 8, ka ashensor funksional. Gjithashtu ka hapësirë të mjaftueshme për parkim.
Çmimi: 270
Rënditja
•	Sallon dhe Kuzhinë
•	Dhomë gjumi
•	Banjo
•	Depo
•	Ballkon
•	Koridor

Kodi: 3252

Për më shumë informata mund të na beni like faqen tone ne facebook
Smart Real Est",270 EUR,1,Qira,270.00,,Lakrishtë,rent,270.00,,Lakrishtë,rent,,,,,
71,banesa-8278,https://listime.gjirafa.com/Shpallje/Patundshmeri/banesa-8278,random,Banes me qira ne Dardani 3+1,"Leshoj banes me qera ne Dardani te Kurrizi Prishtine, banesat e gjelberta Kati i Pare, 100m2
Banesa Posedon:
- Sallon
- 3 Dhoma gjumi
- Kuzhin
- 2 Banjo
- 2 Ballkona
- 1 Shpajz
Qmimi me marreveshje

Per me shume informata ju lutem na kontaktoni ne numrin
WhatsApp & Viber:
045190019",300 EUR,100,Qira,300.00,100.0,Dardani,rent,300.00,100.0,Dardani,rent,,,,,
72,banesa-78596,https://listime.gjirafa.com/Shpallje/Patundshmeri/banesa-78596,high_confidence,Banese me qira ne lagjen Ulpiana,"Leshohet banese me qira ne lagjen Ulpiana ( D/7 ), e mobiluar e gatshme per banim
Banesa ka kete renditje:
- Sallon
- Kuzhine
- Dhome gjumi
- Banjo
- 2 Ballkona
- Koridor
Cmimi:  250 euro

bit.ly/3n3a6PU

Per me shume informata mund te na kontaktoni ne numrin
049 124 677 WhatsApp dhe Viber +383 49 124 677
044 333 511 WhatsApp dhe Viber +383 44 333 511",250 EUR,60,Qira,250.00,60.0,Ulpiana,rent,250.00,60.0,Ulpiana,rent,,,,,
73,banesa-79045,https://listime.gjirafa.com/Shpallje/Patundshmeri/banesa-79045,random,Banese me qira ne lagjen Mati 1,"Lëshohet banesa me qëra te Mati 1 në rrugen Ukshin Kovaçica afer Shkolles Pavarsia.
Banesa ka 100m², ndodhet në katin e tretë dhe posedon:
1 Sallon me kuzhinë të kompletuar,
3 Dhoma gjumi
2 Tualete
1 Banjo
1 Depo mbrenda banesës dhe
1 Ballkon

Çmimi: 520€

bit.ly/3n3a6PU

Per me shume informata mund te na kontaktoni ne numrin
049 124 677 WhatsApp dhe Viber +383 49 124 677
044 333 511 WhatsApp dhe ",520 EUR,100,Qira,520.00,100.0,Mati 1,rent,520.00,100.0,Mati 1,rent,,,,,
74,banesa-62013,https://listime.gjirafa.com/Shpallje/Patundshmeri/banesa-62013,random,Leshohet banesa me qira ne Dardani,"Leshohet banese me qira ne Dardani mbi kurriz banesat e gjelberta
Banesa eshte 55m2 kati 5
Banesa ka kete renditje:
- 1 dhoma gjumi
- Sallon
- Kuzhine
- Banjo
- Ballkon
- Koridor
Qmimi 200€ i negociushem
bit.ly/3n3a6PU

Per me shume informata mund te na kontaktoni ne numrin
049 124 677
+383 49 124 677
044 333 511
+383 44 333 511",200 EUR,55,Qira,200.00,55.0,Dardani,rent,200.00,55.0,Dardani,rent,,,,,
75,banesa-60519,https://listime.gjirafa.com/Shpallje/Patundshmeri/banesa-60519,high_confidence,Banese me qira ne lagjen Ulpiana,"Banesë me qira në lagjen  Ulpiana, eshte e mobiluar ne teresi
Sipërfaqe:40
Çmimi i qirasë:250
Renditja:
♦Sallon me kuzhinë
♦Dhomë gjumi
♦Banjo
♦Ballkon
♦Korridor

Për më shumë informata mund të na beni like faqen tone ne facebook Smart Real Estate,
bit.ly/2htS4cY
, apo per me shume oferta apo banesa te lira:
www.merrmeqira.com/user/profile/smart

ose mund të na kontaktoni në këtë numër telefoni
04",250 EUR,40,Qira,250.00,40.0,Ulpiana,rent,250.00,40.0,Ulpiana,rent,,,,,
76,banesa-8326,https://listime.gjirafa.com/Shpallje/Patundshmeri/banesa-8326,random,Banes moderne me qira ne Tophane,"Leshoj banese me qira ne Tophane, banesa eshte e mobiluar ne teresi, moderne, 75m2
Banesa posedon:
- dy dhoma gjumi
- sallon dhe kuzhine
- banjo
- ballkon
- koridor
Qmimi 250 euro

Per me shume informata ju lutem na kontaktoni ne numrin:
045 190 019
WhastApp & Viber:
+383 45 190 019",250 EUR,75,Qira,250.00,75.0,Tophane,rent,250.00,75.0,Tophane,rent,,,,,
77,banesa-73819,https://listime.gjirafa.com/Shpallje/Patundshmeri/banesa-73819,invalid,Banese ne shitje ne Lagje te Spitalit,"Banese ne shitje ne Lagje te Spitalit, rruga: Muharrem Fejza, te Cima Construction.
Banesa ka kete renditje :
- Sallon
-Kuzhine
- Dhome gjumi
- Banjo
- Ballkon
- Korridor
Siperfaqe: 65m2
Cmimi 1250 euro m2

bit.ly/3n3a6PU

Per me shume informata mund te na kontaktoni ne numrin
049 124 677 WhatsApp dhe Viber +383 49 124 677
044 333 511 WhatsApp dhe Viber +383 44 333 511
","1,250 EUR",65,Shitet,125000.00,65.0,Spitalit,sale,125000.00,65.0,Spitalit,sale,,,,,
78,banesa-56367,https://listime.gjirafa.com/Shpallje/Patundshmeri/banesa-56367,random,Banese me qira ne lagjen Qender 1+1,"Banesë me qira në lagjen Qender,perball Hotel Grandit,prane librarise Buzuku.Banesa eshte e mobiluar ne teresi.Banesa ka nxemje me Termokos.
Kati:9
Sipërfaqe:60 m2
Çmimi i qirasë:300
Renditja:
♦Sallon me kuzhinë
♦Dhomë gjumi
♦Banjo
♦Ballkon
♦Korridor

Për më shumë informata mund të na beni like faqen tone ne facebook Smart Real Estate,
bit.ly/2htS4cY
,  ose mund të na kontaktoni në këtë numër tele",300 EUR,60,Qira,300.00,60.0,Qender,rent,300.00,60.0,Qender,rent,,,,,
79,banesa-78521,https://listime.gjirafa.com/Shpallje/Patundshmeri/banesa-78521,random,Banese me qira ne lagjen Tophane,"Leshohet banese me qira ne lagjen Tophane, komplet e mobiluar.
Banesa ka kete renditje:
- Sallon
- Kuzhine
- Dhome gjumi
- Banjo
- Ballkon
- Koridor
Cmimi: 320 euro

bit.ly/3n3a6PU

Per me shume informata mund te na kontaktoni ne numrin
049 124 677 WhatsApp dhe Viber +383 49 124 677
044 333 511 WhatsApp dhe Viber +383 44 333 511",320 EUR,60,Qira,320.00,60.0,Tophane,rent,320.00,60.0,Tophane,rent,,,,,
80,banesa-47800,https://listime.gjirafa.com/Shpallje/Patundshmeri/banesa-47800,random,Banese me qira ne lagjen Arberi,"Banesë me qira në lagjen Arbëri (Dragodan) me siperfaqe prej 64m2.
Banesa gjindet në katin e parë mbi Sach Pizza.Bnesa eshte e mobiluar.
Kati:1
Sipërfaqe:64 m2
Çmimi i qirasë:
Renditja:
♦Sallon me kuzhinë
♦1Dhomë gjumi
♦Banjo
♦Ballkon
♦Korridor

Për më shumë informata mund të na beni like faqen tone ne facebook Smart Real Estate,
bit.ly/2htS4cY
,  ose mund të na kontaktoni në këtë numër telefoni
0",300 EUR,64,Qira,300.00,64.0,Arberi,rent,300.00,64.0,Arberi,rent,,,,,
81,banesa-59597,https://listime.gjirafa.com/Shpallje/Patundshmeri/banesa-59597,random,Banese me qira ne lagjen Aktash_3+1,"Banesë me qira në lagjen Aktash, banesa eshte e mobiluar ne teresi
Sipërfaqe:120
Çmimi i qirasë:500
Renditja:
♦Sallon me kuzhinë
♦3 Dhomë gjumi
♦Banjo
♦2 Ballkona
♦Korridor

Për më shumë informata mund të na beni like faqen tone ne facebook Smart Real Estate,
bit.ly/2htS4cY
, apo per me shume oferta apo banesa te lira:
www.merrmeqira.com/user/profile/smart

ose mund të na kontaktoni në këtë numër ",500 EUR,120,Qira,500.00,120.0,Aktash,rent,500.00,120.0,Aktash,rent,,,,,
82,banesa-75069,https://listime.gjirafa.com/Shpallje/Patundshmeri/banesa-75069,random,Banesë me qira në Ulpianë,"Banesë me qira në lagjen Ulpiana mbrapa AAK-së, banesa eshte komplet e mobiluar, me paisje funksionale dhe cilesore. Banesa ka ujë/rryme 24h, termokos.
Kati:3
Çmimi i qirasë: 300
Renditja:
♦Sallon me kuzhinë
♦2 Dhoma gjumi
♦Banjo
♦Ballkon
♦Korridor
Kodi:2508
Për më shumë informata mund të na beni like faqen tone ne facebook
Smart Real Estate,
bit.ly/2htS4cY
, si dhe
www.instagram.com/realestatesma",300 EUR,0,Qira,300.00,,Ulpianë,rent,300.00,,Ulpianë,rent,,,,,
83,banesa-54069,https://listime.gjirafa.com/Shpallje/Patundshmeri/banesa-54069,random,Banese me qira ne Aktash,"Leshohet banese me qira ne Aktash, te posta Afer extrem pizza
Banesa posedon nxemje qendrore me termokos
Banesa ka kete renditje:
- 1 dhoma gjumi
- sallon dhe kuzhine
- banjo
- ballkon
- koridor
- depo
Qmimi 300€

bit.ly/3n3a6PU

Per me shume informata mund te na kontaktoni ne numrin
049 124 677
+383 49 124 677
044 333 511
+383 44 333 511

",300 EUR,70,Qira,300.00,70.0,Aktash,rent,300.00,70.0,Aktash,rent,,,,,
84,banesa-56333,https://listime.gjirafa.com/Shpallje/Patundshmeri/banesa-56333,random,Banese me qira ne lagjen Tophane 1+1,"Banesë me qira në lagjen Tophane,ne rrugen Meto Bajraktari.Banesa eshte e mobiluar ne teresi.Lift funksional.
Kati:5
Sipërfaqe:65 m2
Çmimi i qirasë:250
Renditja:
♦Sallon me kuzhinë
♦Dhomë gjumi
♦Banjo
♦Ballkon
♦Korridor

Për më shumë informata mund të na beni like faqen tone ne facebook Smart Real Estate,
bit.ly/2htS4cY
,  ose mund të na kontaktoni në këtë numër telefoni
044 393 777
WhatsApp & Vib",250 EUR,65,Qira,250.00,65.0,Tophane,rent,250.00,65.0,Tophane,rent,,,,,
85,banesa-91733,https://listime.gjirafa.com/Shpallje/Patundshmeri/banesa-91733,low_confidence,Banes me qera Mati 1,"Banes me qera Mati 1
Banesa ndodhet tek 13-katshja
Qëndrimi ditor | Kuzhina | 1 Dhome gjumi | Banjo

Çmimi: 200 €

Nr. Tel: 044 577 677
www.geo-rks.com
1512
",200 EUR,0,Qira,200.00,,Mati 1,rent,200.00,,Mati 1,rent,,,,,
86,banesa-73850,https://listime.gjirafa.com/Shpallje/Patundshmeri/banesa-73850,random,Super banese me qira ne lagjen Arberia,"Leshohet banese me qira ne Lagjen Arberia, perballe Ambasades Amerikane, rruga: Ahmet Krasniqi. Eshte komblet e mobiluar, hapesire 126m2.

Banesa ka kete renditje:
Sallon me kuzhine
3 dhoma gjumi
Banjo
2 Ballkona
Korridor
Garazh i brendshem
Cmimi: 800 euro

bit.ly/3n3a6PU

Per me shume informata mund te na kontaktoni ne numrin
049 124 677 WhatsApp dhe Viber +383 49 124 677
044 333 511 WhatsApp dhe",800 EUR,126,Qira,800.00,126.0,Arberia,rent,800.00,126.0,Arberia,rent,,,,,
87,banesa-64176,https://listime.gjirafa.com/Shpallje/Patundshmeri/banesa-64176,random,Banese me qira ne lagjen Ulpiane,"Banesë me qira në lagjen Ulpiane, banesa eshte e mobiluar ne teresi,
Sipërfaqe:69
Çmimi i qirasë:400
Renditja:
♦Sallon me kuzhinë
♦Dhomë gjumi
♦Banjo
♦2 Ballkona
♦Korridor

Për më shumë informata mund të na beni like faqen tone ne facebook Smart Real Estate,
bit.ly/2htS4cY
, apo per me shume oferta apo banesa te lira:
www.merrmeqira.com/user/profile/smart

ose mund të na kontaktoni në këtë numër t",400 EUR,69,Qira,400.00,69.0,Ulpiane,rent,400.00,69.0,Ulpiane,rent,,,,,
88,banesa-42568,https://listime.gjirafa.com/Shpallje/Patundshmeri/banesa-42568,random,Banese ne shitje ne Emshir,"Shitet banesa ne Emshir te Prishtina Stars, ka pammje shume te mire, ka flete poseduese. Banesa eshte nen vezhgim te kamerave dhe sigurimit 24 ore
Sipërfaqe: 50m2
Çmimi I shitjes 54000€
Renditja:
♦Sallon me kuzhinë
♦Dhomë gjumi
♦Banjo
♦Ballkon
♦Korridor

Për më shumë informata mund të na beni like faqen tone ne facebook Smart Real Estate,
bit.ly/2htS4cY
,  ose mund të na kontaktoni në këtë numër t","54,000 EUR",50,Shitet,54000.00,50.0,Emshir,sale,54000.00,50.0,Emshir,sale,,,,,
89,banesa-61378,https://listime.gjirafa.com/Shpallje/Patundshmeri/banesa-61378,random,Banese me qira ne Emshir,"Leshohet banese me qira ne Emshir , Kompleksi Nartel
Banesa eshte 55m2 kati 7
Banesa ka kete renditje:
- 1 dhoma gjumi
- Sallon
- Kuzhine
- Banjo
- Ballkon
- Koridor
Qmimi 300€ i negociushem

bit.ly/3n3a6PU

Per me shume informata mund te na kontaktoni ne numrin
049 124 677
+383 49 124 677
044 333 511
+383 44 333 511",300 EUR,55,Qira,300.00,55.0,Emshir,rent,300.00,55.0,Emshir,rent,,,,,
90,banesa-62782,https://listime.gjirafa.com/Shpallje/Patundshmeri/banesa-62782,random,Banese me qira ne lagjen Tophane_2+1,"Banesë me qira në lagjen Tophane rr. Lidhja e Prizrenit, e mobiluar ne teresi
Kati:4
Sipërfaqe:72
Çmimi i qirasë:350
Renditja:
♦Sallon me kuzhinë
♦ 2 Dhomë gjumi
♦Banjo
♦Ballkon
♦Korridor

Për më shumë informata mund të na beni like faqen tone ne facebook Smart Real Estate,
bit.ly/2htS4cY
, apo per me shume oferta apo banesa te lira:
www.merrmeqira.com/user/profile/smart

ose mund të na kontaktoni",350 EUR,72,Qira,350.00,72.0,Tophane,rent,350.00,72.0,Tophane,rent,,,,,
91,banesa-30454,https://listime.gjirafa.com/Shpallje/Patundshmeri/banesa-30454,high_confidence,Banese me qira ne lagjen Bregu i diellit,"Leshohet banese me qira ne lagjen Bregu i diellit, rruga: Tivari. Eshte komplet e mobiluar, 100m2.

Renditja:
Dhome e ndejes, Kuzhine me paradhome, 2 dhoma gjumi, banjo ,ballkon, korridor
Çmimi: 300 €

Per me shume informata rreth kesaj banese mund te na shkruani linkun me id ose nje screenshot te shpalljes, apo nje kerkese tuajen per banesa tjera, ne kete numer telefoni:
045 190 019
WhatsApp & Vi",300 EUR,100,Qira,300.00,100.0,Bregu i diellit,rent,300.00,100.0,Bregu i diellit,rent,,,,,
92,banesa-77459,https://listime.gjirafa.com/Shpallje/Patundshmeri/banesa-77459,random,Banesë në shitje në Emshir,"Shiten banesat në lagjen Emshir. Janë në ndërtim e sipër, në kompleksin ‘Trea’. me kontrate te noteri.
Banesat janë me metrazhe te ndryshme si ne planimetrite e bashkengjitura:
Banesa I. Siperfaqe 87.10 m2 . Kati 2
Dy dhoma gjumi, qendrim ditor, kuzhine, banjo, ballkon. Garazhe dhe depo.
Banesa II. Siperfaqe 115,44 m2 . Kati 1
Tri dhoma gjumi, qendrim ditor, kuzhine, banjo, vc dhe ballkon. Garazhe","1,250 EUR",1,Shitet,125000.00,87.1,Emshir,sale,125000.00,87.1,Emshir,sale,,,,,
93,banesa-53059,https://listime.gjirafa.com/Shpallje/Patundshmeri/banesa-53059,random,Leshohet banese me qira ne Breg te Diellit.,"Leshohet banese me qira ne Breg te Diellit.
Kati 2

Banesa ka kete renditje:
- dhome gjumi
- sallon dhe kuzhine
- banjo
- ballkon
- koridor

Banesa eshte e pa mobiluar dhe posedon termokos.

Qmimi 200€
bit.ly/3n3a6PU

Per me shume informata mund te na kontaktoni ne numrin

044 333 511
+383 44 333 511
049 124 677
+383 49 124 677",200 EUR,0,Qira,200.00,,Breg te Diellit,rent,200.00,,Breg te Diellit,rent,,,,,
94,banesa-81277,https://listime.gjirafa.com/Shpallje/Patundshmeri/banesa-81277,high_confidence,Banesë me qira në Emshir,"Lëshohet me qira banesa në Emshir. Banesa është e mobiluar në tërësi, e gatshme dhe e përshtatshme për banim.
Banesa ka të gjitha pajisjet e nevojshme.
Sipërfaqe: 50m²
Çmimi: 320
Rënditja
•	Sallon dhe Kuzhinë
•	Dhomë gjumi
•	Banjo
•	Ballkon
•	Koridor
•	Depo

Kodi: 3592

Për më shumë informata mund të na beni like faqen tone ne facebook
Smart Real Estate,
bit.ly/2htS4cY
, si dhe
www.instagram.com/r",320 EUR,1,Qira,320.00,50.0,Emshir,rent,320.00,50.0,Emshir,rent,,,,,
95,banesa-69183,https://listime.gjirafa.com/Shpallje/Patundshmeri/banesa-69183,high_confidence,Banesë me qira në Emshir,"Lëshohet me qira banesa në Emshir rruga Ali Vitia banesat e Arabve. Banesa është e mobiluar në tërësi dhe është shumë e përshtatshme për banim.
Banesa ndodhet në katin e peste , lift funksional dhe ka të gjitha pajisjet e nevojshme.
Banesa leshohet afat gjate dhe per familjar
Sipërfaqja: 115m2
Çmimi: 350 plus depozita
Renditja:
Sallon dhe  kuzhinë
3 Dhoma gjumi
Banjo dhe Wc
2 Ballkona
Kodi:2731
Pë",350 EUR,115,Qira,350.00,115.0,Emshir,rent,350.00,115.0,Emshir,rent,,,,,
96,banesa-55566,https://listime.gjirafa.com/Shpallje/Patundshmeri/banesa-55566,random,Banese me qira ne lagjen Arberia 1+1,"Banesë me qira në lagjen Arberia,ne rrugen Ferid Curri,kompleksi Butrinti,me pamje nga Lindja.Banesa eshte e pershtateshme per zyre apo cfardo veprimtarie.
Kati:1
Sipërfaqe:57 m2
Çmimi i qirasë:250
Renditja:
♦Sallon me kuzhinë
♦Dhomë gjumi
♦Banjo
♦Ballkon
♦Korridor
Për më shumë informata mund të na beni like faqen tone ne facebook Smart Real Estate,
bit.ly/2htS4cY
,  ose mund të na kontaktoni në k",250 EUR,57,Qira,250.00,57.0,Arberia,rent,250.00,57.0,Arberia,rent,,,,,
97,banesa-49231,https://listime.gjirafa.com/Shpallje/Patundshmeri/banesa-49231,random,Banese me qira Te 4 Llullat,"Leshohet banese me qira Mbrapa Teatrit,Afer Swiss Diamond Hotel
Banesa ka kete renditje:
- dhoma gjumi
- sallon dhe kuzhine
- banjo
- ballkon
- koridor
Qmimi 250€
bit.ly/3n3a6PU


Per me shume informata mund te na kontaktoni ne numrin
044 333 511
+383 44 333 511





",250 EUR,60,Qira,250.00,60.0,4 Llullat,rent,250.00,60.0,4 Llullat,rent,,,,,
98,banesa-51181,https://listime.gjirafa.com/Shpallje/Patundshmeri/banesa-51181,invalid,Leshohet banese(Kate Shpie' me qira ne Breg te Diellit,"Leshohet banese(Kate Shpie' me qira ne Breg te Diellit, Mati 1,banesa eshte komplet e mobilur, 106m2
Banesa ka kete renditje:
- 1 dhoma gjumi
- sallon dhe kuzhine
- banjo
- ballkon
- koridor
Qmimi 140€
bit.ly/3n3a6PU


Per me shume informata mund te na kontaktoni ne numrin
049 124 677
+383 49 124 677","140,000 EUR",65,Qira,140000.00,65.0,Breg te Diellit,rent,140000.00,65.0,Breg te Diellit,rent,,,,,
99,banesa-73053,https://listime.gjirafa.com/Shpallje/Patundshmeri/banesa-73053,random,Banesë me qira në Lakrishtë,"Lëshohet me qira banesa në Lakrishtë. E mobiluar në tërësi dhe shumë e përshtatshme për banim.

Banesa ndodhet në katin e 5 dhe posedon ashensor.
Sipërfaqe: 75m²
Çmimi: 400
Renditja:
•	Sallon dhe Kuzhinë
•	2 Dhoma gjumi
•	Banjo
•	Ballkon

Kodi: 2902

Për më shumë informata mund të na beni like faqen tone ne facebook
Smart Real Estate,
bit.ly/2htS4cY
, si dhe
www.instagram.com/realestatesmart/

apo",400 EUR,75,Qira,400.00,75.0,Lakrishtë,rent,400.00,75.0,Lakrishtë,rent,,,,,
100,banesa-78136,https://listime.gjirafa.com/Shpallje/Patundshmeri/banesa-78136,random,Banesë me qira në Aktash,"Lëshohet me qira banesa në Aktash, përball shkolles Naim Frasheri, afër Ambasades së Zvicrës. Banesa është super e mobiluar dhe e përshtatshme për banim.
Banesa ndodhet në katin e 4, posedon ashensor. Sistemin e ngrohjes e ka me Termokos.
Banesa ka hapësirë për parkim.
Sipërfaqe: 90m²
Çmimi: 600
Banesa ka këtë renditje:
•	Sallon dhe Kuzhinë
•	2 Dhomë gjumi(njëra me banjo)
•	2 Banjo
•	Ballkon
•	Kor",600 EUR,90,Qira,600.00,90.0,Aktash,rent,600.00,90.0,Aktash,rent,,,,,
