claim_id,statement,claim_type,claim_structure,half_life,evidence_grade,causal_level,maturity,impact,retest_interval,research_hours,estimate,lower_ci,upper_ci,confidence_level,depends_on,observation_date,etl_run_id,etl_date,etl_version,raw_crawl_hash,parser_version,methodology_version,notebook_path,notebook_hash,query_path,sql_hash,dataset_hash,n,reviewer,status,superseded_by,created_at,notes
GT-000,The dataset represents Prishtina apartment rentals not Kosovo residential market,fact,descriptive,annual,C,C0,M1,high,annual,,,,,,,2026-06-09,,2026-06-09,,,1.3.0,1.0.0,,,reports/generated/audit_2026-06-09/source_bias.csv,,,2404,,published,,2026-06-09T00:00:00+00:00,Source bias audit section 7
GT-001,Overall area coverage is 90.3% with 99.6% extraction when source contains area signal,fact,descriptive,etl_snapshot,C,C0,M1,medium,etl_snapshot,,90.3,,,,GT-000,2026-06-09,,2026-06-09,,,1.3.0,1.0.0,,,RESEARCH.md#area-coverage-ceiling,,,2404,,published,,2026-06-09T00:00:00+00:00,Report both metrics in methodology
GT-002,Parser golden accuracy is 100% on auto-labeled sample n=901,fact,descriptive,parser_release,D,C0,M0,high,parser_release,,100,,,,,2026-06-09,,2026-06-09,,,1.3.0,1.0.0,,,scripts/evaluate_golden_dataset.py,,,901,,superseded,GT-008,2026-06-09T00:00:00+00:00,Requires manual verification of golden_v1_manual_review_100.csv
GT-003,Invalid listing rate is below 3% after parser v1.3.0,fact,descriptive,parser_release,C,C0,M1,medium,parser_release,,2.4,,,,GT-002,2026-06-09,,2026-06-09,,,1.3.0,1.0.0,,,reports/generated/benchmark_log.csv,,,11823,,published,,2026-06-09T00:00:00+00:00,2.4% on full normalized set
GT-004,Median rent analysis by neighborhood requires n>=30 per neighborhood for publication,method,method,quarterly,D,C0,M0,high,quarterly,,,,,,,2026-06-09,,2026-06-09,,,1.3.0,1.0.0,,,,,,,,draft,,2026-06-09T00:00:00+00:00,Publication policy placeholder
GT-005,Parser is_furnished field was one-sided (True/NULL only) until v1.3.1; unfurnished requires pa mobiluar detection,negative,method,parser_release,B,C0,M2,high,,,,,,,,2026-06-09,,,,,1.3.1,1.0.0,,,notebooks/2026-06-09_UNK001_furnishing_premium.md,,,1828,,published,,2026-06-09T12:00:00+00:00,UNK-001 blocked; 27 vs 1282 explicit labels before fix
GT-006,Market-wide furnished rent premium is inconclusive after area and neighborhood controls; median EUR/m2 difference not significant at 95%,negative,structural,quarterly,C,C1,M1,high,,,4.18,,,,GT-005,2026-06-09,,,,,1.3.0,1.0.0,,,notebooks/2026-06-09_UNK001_furnishing_premium.md,,,1309,,published,,2026-06-09T12:00:00+00:00,OLS +4.2%; abstain DP-001; association not intervention
GT-007,No neighborhood exceeds 5pp median rent residual premium after log(area)+furnished+NH FE at n>=30; raw Ulpiana +17% collapses to +1.9pp,negative,structural,quarterly,C,C1,M1,high,,,,,,,GT-004,2026-06-09,,,,,1.3.0,1.0.0,,,notebooks/2026-06-09_UNK009_neighborhood_overpricing.md,,,1823,,published,,2026-06-09T14:00:00+00:00,H3 inconclusive for structural claim; max residual Muhaxhere +4.3pp
GT-008,"Parser field accuracy is 92% all-fields on manual review n=100 (price 97%, neighborhood 100%, type 93%); ECE 4.6%",fact,descriptive,parser_release,B,C0,M2,high,,,92,,,,GT-002,2026-06-09,,,,,1.3.1,1.0.0,,,data/golden/golden_v1_manual_review_100.csv,,39e40fd623be290419b92f5835126066f108a51036e99e3dd83508ecc9aa70fc,100,,published,,2026-06-09T13:45:07.307413+00:00,Supersedes auto-labeled 100% golden claim; dual review pending
